category,mass,counts
7TeV_cat0,100.5,11
7TeV_cat0,101.5,10
7TeV_cat0,102.5,12
7TeV_cat0,103.5,6
7TeV_cat0,104.5,7
7TeV_cat0,105.5,10
7TeV_cat0,106.5,6
7TeV_cat0,107.5,11
7TeV_cat0,108.5,5
7TeV_cat0,109.5,3
7TeV_cat0,110.5,5
7TeV_cat0,111.5,6
7TeV_cat0,112.5,9
7TeV_cat0,113.5,7
7TeV_cat0,114.5,9
7TeV_cat0,115.5,3
7TeV_cat0,116.5,3
7TeV_cat0,117.5,5
7TeV_cat0,118.5,0
7TeV_cat0,119.5,1
7TeV_cat0,120.5,1
7TeV_cat0,121.5,4
7TeV_cat0,122.5,3
7TeV_cat0,123.5,3
7TeV_cat0,124.5,4
7TeV_cat0,125.5,6
7TeV_cat0,126.5,7
7TeV_cat0,127.5,7
7TeV_cat0,128.5,2
7TeV_cat0,129.5,1
7TeV_cat0,130.5,4
7TeV_cat0,131.5,4
7TeV_cat0,132.5,3
7TeV_cat0,133.5,1
7TeV_cat0,134.5,3
7TeV_cat0,135.5,0
7TeV_cat0,136.5,5
7TeV_cat0,137.5,2
7TeV_cat0,138.5,1
7TeV_cat0,139.5,1
7TeV_cat0,140.5,1
7TeV_cat0,141.5,2
7TeV_cat0,142.5,3
7TeV_cat0,143.5,1
7TeV_cat0,144.5,1
7TeV_cat0,145.5,1
7TeV_cat0,146.5,2
7TeV_cat0,147.5,0
7TeV_cat0,148.5,1
7TeV_cat0,149.5,1
7TeV_cat0,150.5,1
7TeV_cat0,151.5,2
7TeV_cat0,152.5,1
7TeV_cat0,153.5,3
7TeV_cat0,154.5,1
7TeV_cat0,155.5,1
7TeV_cat0,156.5,0
7TeV_cat0,157.5,1
7TeV_cat0,158.5,2
7TeV_cat0,159.5,0
7TeV_cat0,160.5,1
7TeV_cat0,161.5,2
7TeV_cat0,162.5,2
7TeV_cat0,163.5,0
7TeV_cat0,164.5,3
7TeV_cat0,165.5,1
7TeV_cat0,166.5,2
7TeV_cat0,167.5,0
7TeV_cat0,168.5,1
7TeV_cat0,169.5,2
7TeV_cat0,170.5,0
7TeV_cat0,171.5,0
7TeV_cat0,172.5,0
7TeV_cat0,173.5,0
7TeV_cat0,174.5,0
7TeV_cat0,175.5,1
7TeV_cat0,176.5,2
7TeV_cat0,177.5,0
7TeV_cat0,178.5,0
7TeV_cat0,179.5,0
7TeV_cat1,100.5,84
7TeV_cat1,101.5,77
7TeV_cat1,102.5,92
7TeV_cat1,103.5,78
7TeV_cat1,104.5,77
7TeV_cat1,105.5,70
7TeV_cat1,106.5,84
7TeV_cat1,107.5,60
7TeV_cat1,108.5,72
7TeV_cat1,109.5,63
7TeV_cat1,110.5,61
7TeV_cat1,111.5,59
7TeV_cat1,112.5,61
7TeV_cat1,113.5,55
7TeV_cat1,114.5,50
7TeV_cat1,115.5,53
7TeV_cat1,116.5,60
7TeV_cat1,117.5,48
7TeV_cat1,118.5,51
7TeV_cat1,119.5,36
7TeV_cat1,120.5,45
7TeV_cat1,121.5,51
7TeV_cat1,122.5,47
7TeV_cat1,123.5,37
7TeV_cat1,124.5,50
7TeV_cat1,125.5,34
7TeV_cat1,126.5,35
7TeV_cat1,127.5,31
7TeV_cat1,128.5,28
7TeV_cat1,129.5,32
7TeV_cat1,130.5,19
7TeV_cat1,131.5,24
7TeV_cat1,132.5,22
7TeV_cat1,133.5,31
7TeV_cat1,134.5,26
7TeV_cat1,135.5,39
7TeV_cat1,136.5,37
7TeV_cat1,137.5,27
7TeV_cat1,138.5,15
7TeV_cat1,139.5,26
7TeV_cat1,140.5,16
7TeV_cat1,141.5,24
7TeV_cat1,142.5,13
7TeV_cat1,143.5,18
7TeV_cat1,144.5,24
7TeV_cat1,145.5,18
7TeV_cat1,146.5,13
7TeV_cat1,147.5,14
7TeV_cat1,148.5,19
7TeV_cat1,149.5,16
7TeV_cat1,150.5,17
7TeV_cat1,151.5,21
7TeV_cat1,152.5,12
7TeV_cat1,153.5,14
7TeV_cat1,154.5,20
7TeV_cat1,155.5,10
7TeV_cat1,156.5,12
7TeV_cat1,157.5,11
7TeV_cat1,158.5,16
7TeV_cat1,159.5,8
7TeV_cat1,160.5,15
7TeV_cat1,161.5,19
7TeV_cat1,162.5,12
7TeV_cat1,163.5,7
7TeV_cat1,164.5,8
7TeV_cat1,165.5,18
7TeV_cat1,166.5,11
7TeV_cat1,167.5,8
7TeV_cat1,168.5,12
7TeV_cat1,169.5,11
7TeV_cat1,170.5,5
7TeV_cat1,171.5,10
7TeV_cat1,172.5,7
7TeV_cat1,173.5,8
7TeV_cat1,174.5,8
7TeV_cat1,175.5,11
7TeV_cat1,176.5,10
7TeV_cat1,177.5,11
7TeV_cat1,178.5,10
7TeV_cat1,179.5,6
7TeV_cat2,100.5,194
7TeV_cat2,101.5,180
7TeV_cat2,102.5,171
7TeV_cat2,103.5,166
7TeV_cat2,104.5,158
7TeV_cat2,105.5,147
7TeV_cat2,106.5,148
7TeV_cat2,107.5,140
7TeV_cat2,108.5,127
7TeV_cat2,109.5,116
7TeV_cat2,110.5,116
7TeV_cat2,111.5,121
7TeV_cat2,112.5,116
7TeV_cat2,113.5,103
7TeV_cat2,114.5,109
7TeV_cat2,115.5,94
7TeV_cat2,116.5,120
7TeV_cat2,117.5,88
7TeV_cat2,118.5,80
7TeV_cat2,119.5,87
7TeV_cat2,120.5,86
7TeV_cat2,121.5,105
7TeV_cat2,122.5,93
7TeV_cat2,123.5,72
7TeV_cat2,124.5,84
7TeV_cat2,125.5,83
7TeV_cat2,126.5,64
7TeV_cat2,127.5,61
7TeV_cat2,128.5,50
7TeV_cat2,129.5,63
7TeV_cat2,130.5,55
7TeV_cat2,131.5,63
7TeV_cat2,132.5,66
7TeV_cat2,133.5,71
7TeV_cat2,134.5,51
7TeV_cat2,135.5,51
7TeV_cat2,136.5,57
7TeV_cat2,137.5,61
7TeV_cat2,138.5,48
7TeV_cat2,139.5,52
7TeV_cat2,140.5,50
7TeV_cat2,141.5,44
7TeV_cat2,142.5,45
7TeV_cat2,143.5,49
7TeV_cat2,144.5,40
7TeV_cat2,145.5,44
7TeV_cat2,146.5,27
7TeV_cat2,147.5,32
7TeV_cat2,148.5,32
7TeV_cat2,149.5,38
7TeV_cat2,150.5,32
7TeV_cat2,151.5,41
7TeV_cat2,152.5,37
7TeV_cat2,153.5,32
7TeV_cat2,154.5,42
7TeV_cat2,155.5,24
7TeV_cat2,156.5,32
7TeV_cat2,157.5,21
7TeV_cat2,158.5,35
7TeV_cat2,159.5,28
7TeV_cat2,160.5,21
7TeV_cat2,161.5,24
7TeV_cat2,162.5,23
7TeV_cat2,163.5,25
7TeV_cat2,164.5,29
7TeV_cat2,165.5,20
7TeV_cat2,166.5,24
7TeV_cat2,167.5,17
7TeV_cat2,168.5,15
7TeV_cat2,169.5,21
7TeV_cat2,170.5,8
7TeV_cat2,171.5,26
7TeV_cat2,172.5,24
7TeV_cat2,173.5,12
7TeV_cat2,174.5,19
7TeV_cat2,175.5,17
7TeV_cat2,176.5,24
7TeV_cat2,177.5,18
7TeV_cat2,178.5,22
7TeV_cat2,179.5,11
7TeV_cat3,100.5,489
7TeV_cat3,101.5,486
7TeV_cat3,102.5,436
7TeV_cat3,103.5,412
7TeV_cat3,104.5,420
7TeV_cat3,105.5,386
7TeV_cat3,106.5,396
7TeV_cat3,107.5,364
7TeV_cat3,108.5,366
7TeV_cat3,109.5,352
7TeV_cat3,110.5,347
7TeV_cat3,111.5,300
7TeV_cat3,112.5,303
7TeV_cat3,113.5,279
7TeV_cat3,114.5,295
7TeV_cat3,115.5,270
7TeV_cat3,116.5,268
7TeV_cat3,117.5,271
7TeV_cat3,118.5,233
7TeV_cat3,119.5,241
7TeV_cat3,120.5,226
7TeV_cat3,121.5,221
7TeV_cat3,122.5,193
7TeV_cat3,123.5,205
7TeV_cat3,124.5,222
7TeV_cat3,125.5,193
7TeV_cat3,126.5,186
7TeV_cat3,127.5,168
7TeV_cat3,128.5,183
7TeV_cat3,129.5,165
7TeV_cat3,130.5,154
7TeV_cat3,131.5,157
7TeV_cat3,132.5,134
7TeV_cat3,133.5,164
7TeV_cat3,134.5,120
7TeV_cat3,135.5,130
7TeV_cat3,136.5,117
7TeV_cat3,137.5,136
7TeV_cat3,138.5,129
7TeV_cat3,139.5,103
7TeV_cat3,140.5,112
7TeV_cat3,141.5,102
7TeV_cat3,142.5,107
7TeV_cat3,143.5,106
7TeV_cat3,144.5,102
7TeV_cat3,145.5,100
7TeV_cat3,146.5,92
7TeV_cat3,147.5,98
7TeV_cat3,148.5,104
7TeV_cat3,149.5,75
7TeV_cat3,150.5,73
7TeV_cat3,151.5,83
7TeV_cat3,152.5,89
7TeV_cat3,153.5,83
7TeV_cat3,154.5,80
7TeV_cat3,155.5,73
7TeV_cat3,156.5,69
7TeV_cat3,157.5,45
7TeV_cat3,158.5,73
7TeV_cat3,159.5,69
7TeV_cat3,160.5,69
7TeV_cat3,161.5,73
7TeV_cat3,162.5,58
7TeV_cat3,163.5,53
7TeV_cat3,164.5,76
7TeV_cat3,165.5,60
7TeV_cat3,166.5,42
7TeV_cat3,167.5,57
7TeV_cat3,168.5,54
7TeV_cat3,169.5,57
7TeV_cat3,170.5,59
7TeV_cat3,171.5,51
7TeV_cat3,172.5,49
7TeV_cat3,173.5,38
7TeV_cat3,174.5,57
7TeV_cat3,175.5,44
7TeV_cat3,176.5,37
7TeV_cat3,177.5,45
7TeV_cat3,178.5,20
7TeV_cat3,179.5,44
7TeV_cat4,100.5,3
7TeV_cat4,101.5,1
7TeV_cat4,102.5,3
7TeV_cat4,103.5,5
7TeV_cat4,104.5,4
7TeV_cat4,105.5,2
7TeV_cat4,106.5,1
7TeV_cat4,107.5,3
7TeV_cat4,108.5,0
7TeV_cat4,109.5,1
7TeV_cat4,110.5,0
7TeV_cat4,111.5,2
7TeV_cat4,112.5,3
7TeV_cat4,113.5,2
7TeV_cat4,114.5,3
7TeV_cat4,115.5,1
7TeV_cat4,116.5,3
7TeV_cat4,117.5,3
7TeV_cat4,118.5,1
7TeV_cat4,119.5,1
7TeV_cat4,120.5,2
7TeV_cat4,121.5,2
7TeV_cat4,122.5,1
7TeV_cat4,123.5,3
7TeV_cat4,124.5,4
7TeV_cat4,125.5,2
7TeV_cat4,126.5,5
7TeV_cat4,127.5,3
7TeV_cat4,128.5,2
7TeV_cat4,129.5,0
7TeV_cat4,130.5,2
7TeV_cat4,131.5,1
7TeV_cat4,132.5,0
7TeV_cat4,133.5,0
7TeV_cat4,134.5,2
7TeV_cat4,135.5,3
7TeV_cat4,136.5,2
7TeV_cat4,137.5,0
7TeV_cat4,138.5,0
7TeV_cat4,139.5,0
7TeV_cat4,140.5,0
7TeV_cat4,141.5,1
7TeV_cat4,142.5,0
7TeV_cat4,143.5,0
7TeV_cat4,144.5,2
7TeV_cat4,145.5,0
7TeV_cat4,146.5,1
7TeV_cat4,147.5,0
7TeV_cat4,148.5,3
7TeV_cat4,149.5,2
7TeV_cat4,150.5,0
7TeV_cat4,151.5,0
7TeV_cat4,152.5,3
7TeV_cat4,153.5,3
7TeV_cat4,154.5,1
7TeV_cat4,155.5,1
7TeV_cat4,156.5,0
7TeV_cat4,157.5,1
7TeV_cat4,158.5,2
7TeV_cat4,159.5,1
7TeV_cat4,160.5,0
7TeV_cat4,161.5,0
7TeV_cat4,162.5,0
7TeV_cat4,163.5,0
7TeV_cat4,164.5,1
7TeV_cat4,165.5,1
7TeV_cat4,166.5,0
7TeV_cat4,167.5,1
7TeV_cat4,168.5,0
7TeV_cat4,169.5,0
7TeV_cat4,170.5,0
7TeV_cat4,171.5,1
7TeV_cat4,172.5,0
7TeV_cat4,173.5,1
7TeV_cat4,174.5,0
7TeV_cat4,175.5,0
7TeV_cat4,176.5,0
7TeV_cat4,177.5,0
7TeV_cat4,178.5,0
7TeV_cat4,179.5,1
8TeV_cat0,100.5,24
8TeV_cat0,101.5,24
8TeV_cat0,102.5,14
8TeV_cat0,103.5,18
8TeV_cat0,104.5,14
8TeV_cat0,105.5,16
8TeV_cat0,106.5,11
8TeV_cat0,107.5,12
8TeV_cat0,108.5,13
8TeV_cat0,109.5,21
8TeV_cat0,110.5,10
8TeV_cat0,111.5,15
8TeV_cat0,112.5,19
8TeV_cat0,113.5,10
8TeV_cat0,114.5,12
8TeV_cat0,115.5,11
8TeV_cat0,116.5,12
8TeV_cat0,117.5,15
8TeV_cat0,118.5,6
8TeV_cat0,119.5,5
8TeV_cat0,120.5,8
8TeV_cat0,121.5,5
8TeV_cat0,122.5,6
8TeV_cat0,123.5,10
8TeV_cat0,124.5,11
8TeV_cat0,125.5,11
8TeV_cat0,126.5,4
8TeV_cat0,127.5,8
8TeV_cat0,128.5,9
8TeV_cat0,129.5,9
8TeV_cat0,130.5,8
8TeV_cat0,131.5,2
8TeV_cat0,132.5,6
8TeV_cat0,133.5,5
8TeV_cat0,134.5,7
8TeV_cat0,135.5,6
8TeV_cat0,136.5,3
8TeV_cat0,137.5,3
8TeV_cat0,138.5,0
8TeV_cat0,139.5,3
8TeV_cat0,140.5,4
8TeV_cat0,141.5,5
8TeV_cat0,142.5,2
8TeV_cat0,143.5,3
8TeV_cat0,144.5,3
8TeV_cat0,145.5,0
8TeV_cat0,146.5,5
8TeV_cat0,147.5,1
8TeV_cat0,148.5,2
8TeV_cat0,149.5,1
8TeV_cat0,150.5,4
8TeV_cat0,151.5,5
8TeV_cat0,152.5,1
8TeV_cat0,153.5,3
8TeV_cat0,154.5,1
8TeV_cat0,155.5,2
8TeV_cat0,156.5,1
8TeV_cat0,157.5,5
8TeV_cat0,158.5,5
8TeV_cat0,159.5,0
8TeV_cat0,160.5,1
8TeV_cat0,161.5,2
8TeV_cat0,162.5,3
8TeV_cat0,163.5,2
8TeV_cat0,164.5,2
8TeV_cat0,165.5,1
8TeV_cat0,166.5,1
8TeV_cat0,167.5,4
8TeV_cat0,168.5,0
8TeV_cat0,169.5,1
8TeV_cat0,170.5,1
8TeV_cat0,171.5,1
8TeV_cat0,172.5,1
8TeV_cat0,173.5,1
8TeV_cat0,174.5,3
8TeV_cat0,175.5,1
8TeV_cat0,176.5,1
8TeV_cat0,177.5,4
8TeV_cat0,178.5,2
8TeV_cat0,179.5,2
8TeV_cat1,100.5,128
8TeV_cat1,101.5,122
8TeV_cat1,102.5,120
8TeV_cat1,103.5,121
8TeV_cat1,104.5,105
8TeV_cat1,105.5,82
8TeV_cat1,106.5,107
8TeV_cat1,107.5,85
8TeV_cat1,108.5,81
8TeV_cat1,109.5,94
8TeV_cat1,110.5,88
8TeV_cat1,111.5,93
8TeV_cat1,112.5,92
8TeV_cat1,113.5,77
8TeV_cat1,114.5,65
8TeV_cat1,115.5,79
8TeV_cat1,116.5,85
8TeV_cat1,117.5,56
8TeV_cat1,118.5,67
8TeV_cat1,119.5,85
8TeV_cat1,120.5,57
8TeV_cat1,121.5,60
8TeV_cat1,122.5,61
8TeV_cat1,123.5,63
8TeV_cat1,124.5,51
8TeV_cat1,125.5,66
8TeV_cat1,126.5,61
8TeV_cat1,127.5,52
8TeV_cat1,128.5,41
8TeV_cat1,129.5,48
8TeV_cat1,130.5,39
8TeV_cat1,131.5,39
8TeV_cat1,132.5,35
8TeV_cat1,133.5,49
8TeV_cat1,134.5,49
8TeV_cat1,135.5,26
8TeV_cat1,136.5,41
8TeV_cat1,137.5,45
8TeV_cat1,138.5,22
8TeV_cat1,139.5,32
8TeV_cat1,140.5,35
8TeV_cat1,141.5,33
8TeV_cat1,142.5,18
8TeV_cat1,143.5,24
8TeV_cat1,144.5,21
8TeV_cat1,145.5,36
8TeV_cat1,146.5,18
8TeV_cat1,147.5,20
8TeV_cat1,148.5,22
8TeV_cat1,149.5,25
8TeV_cat1,150.5,20
8TeV_cat1,151.5,24
8TeV_cat1,152.5,13
8TeV_cat1,153.5,15
8TeV_cat1,154.5,26
8TeV_cat1,155.5,23
8TeV_cat1,156.5,35
8TeV_cat1,157.5,17
8TeV_cat1,158.5,16
8TeV_cat1,159.5,13
8TeV_cat1,160.5,14
8TeV_cat1,161.5,12
8TeV_cat1,162.5,20
8TeV_cat1,163.5,20
8TeV_cat1,164.5,12
8TeV_cat1,165.5,14
8TeV_cat1,166.5,20
8TeV_cat1,167.5,19
8TeV_cat1,168.5,19
8TeV_cat1,169.5,18
8TeV_cat1,170.5,11
8TeV_cat1,171.5,13
8TeV_cat1,172.5,12
8TeV_cat1,173.5,17
8TeV_cat1,174.5,14
8TeV_cat1,175.5,16
8TeV_cat1,176.5,13
8TeV_cat1,177.5,8
8TeV_cat1,178.5,14
8TeV_cat1,179.5,12
8TeV_cat2,100.5,270
8TeV_cat2,101.5,326
8TeV_cat2,102.5,254
8TeV_cat2,103.5,257
8TeV_cat2,104.5,213
8TeV_cat2,105.5,259
8TeV_cat2,106.5,250
8TeV_cat2,107.5,196
8TeV_cat2,108.5,208
8TeV_cat2,109.5,216
8TeV_cat2,110.5,186
8TeV_cat2,111.5,196
8TeV_cat2,112.5,171
8TeV_cat2,113.5,176
8TeV_cat2,114.5,137
8TeV_cat2,115.5,159
8TeV_cat2,116.5,140
8TeV_cat2,117.5,180
8TeV_cat2,118.5,130
8TeV_cat2,119.5,139
8TeV_cat2,120.5,108
8TeV_cat2,121.5,140
8TeV_cat2,122.5,127
8TeV_cat2,123.5,114
8TeV_cat2,124.5,137
8TeV_cat2,125.5,125
8TeV_cat2,126.5,96
8TeV_cat2,127.5,112
8TeV_cat2,128.5,106
8TeV_cat2,129.5,94
8TeV_cat2,130.5,94
8TeV_cat2,131.5,94
8TeV_cat2,132.5,100
8TeV_cat2,133.5,89
8TeV_cat2,134.5,86
8TeV_cat2,135.5,80
8TeV_cat2,136.5,93
8TeV_cat2,137.5,85
8TeV_cat2,138.5,71
8TeV_cat2,139.5,73
8TeV_cat2,140.5,66
8TeV_cat2,141.5,59
8TeV_cat2,142.5,75
8TeV_cat2,143.5,56
8TeV_cat2,144.5,76
8TeV_cat2,145.5,60
8TeV_cat2,146.5,65
8TeV_cat2,147.5,50
8TeV_cat2,148.5,52
8TeV_cat2,149.5,54
8TeV_cat2,150.5,53
8TeV_cat2,151.5,53
8TeV_cat2,152.5,51
8TeV_cat2,153.5,63
8TeV_cat2,154.5,32
8TeV_cat2,155.5,36
8TeV_cat2,156.5,48
8TeV_cat2,157.5,36
8TeV_cat2,158.5,53
8TeV_cat2,159.5,41
8TeV_cat2,160.5,44
8TeV_cat2,161.5,30
8TeV_cat2,162.5,45
8TeV_cat2,163.5,45
8TeV_cat2,164.5,48
8TeV_cat2,165.5,30
8TeV_cat2,166.5,35
8TeV_cat2,167.5,30
8TeV_cat2,168.5,31
8TeV_cat2,169.5,23
8TeV_cat2,170.5,36
8TeV_cat2,171.5,31
8TeV_cat2,172.5,29
8TeV_cat2,173.5,27
8TeV_cat2,174.5,21
8TeV_cat2,175.5,26
8TeV_cat2,176.5,28
8TeV_cat2,177.5,22
8TeV_cat2,178.5,30
8TeV_cat2,179.5,16
8TeV_cat3,100.5,684
8TeV_cat3,101.5,644
8TeV_cat3,102.5,634
8TeV_cat3,103.5,603
8TeV_cat3,104.5,606
8TeV_cat3,105.5,553
8TeV_cat3,106.5,553
8TeV_cat3,107.5,533
8TeV_cat3,108.5,487
8TeV_cat3,109.5,432
8TeV_cat3,110.5,453
8TeV_cat3,111.5,457
8TeV_cat3,112.5,418
8TeV_cat3,113.5,417
8TeV_cat3,114.5,385
8TeV_cat3,115.5,355
8TeV_cat3,116.5,317
8TeV_cat3,117.5,328
8TeV_cat3,118.5,336
8TeV_cat3,119.5,313
8TeV_cat3,120.5,285
8TeV_cat3,121.5,298
8TeV_cat3,122.5,266
8TeV_cat3,123.5,292
8TeV_cat3,124.5,292
8TeV_cat3,125.5,274
8TeV_cat3,126.5,235
8TeV_cat3,127.5,251
8TeV_cat3,128.5,227
8TeV_cat3,129.5,212
8TeV_cat3,130.5,214
8TeV_cat3,131.5,175
8TeV_cat3,132.5,199
8TeV_cat3,133.5,203
8TeV_cat3,134.5,191
8TeV_cat3,135.5,175
8TeV_cat3,136.5,181
8TeV_cat3,137.5,187
8TeV_cat3,138.5,144
8TeV_cat3,139.5,152
8TeV_cat3,140.5,174
8TeV_cat3,141.5,144
8TeV_cat3,142.5,145
8TeV_cat3,143.5,155
8TeV_cat3,144.5,143
8TeV_cat3,145.5,134
8TeV_cat3,146.5,110
8TeV_cat3,147.5,143
8TeV_cat3,148.5,130
8TeV_cat3,149.5,140
8TeV_cat3,150.5,106
8TeV_cat3,151.5,105
8TeV_cat3,152.5,124
8TeV_cat3,153.5,124
8TeV_cat3,154.5,108
8TeV_cat3,155.5,100
8TeV_cat3,156.5,118
8TeV_cat3,157.5,110
8TeV_cat3,158.5,97
8TeV_cat3,159.5,79
8TeV_cat3,160.5,96
8TeV_cat3,161.5,71
8TeV_cat3,162.5,92
8TeV_cat3,163.5,68
8TeV_cat3,164.5,92
8TeV_cat3,165.5,80
8TeV_cat3,166.5,63
8TeV_cat3,167.5,74
8TeV_cat3,168.5,54
8TeV_cat3,169.5,69
8TeV_cat3,170.5,75
8TeV_cat3,171.5,60
8TeV_cat3,172.5,53
8TeV_cat3,173.5,65
8TeV_cat3,174.5,69
8TeV_cat3,175.5,56
8TeV_cat3,176.5,65
8TeV_cat3,177.5,51
8TeV_cat3,178.5,42
8TeV_cat3,179.5,59
8TeV_cat4,100.5,1
8TeV_cat4,101.5,1
8TeV_cat4,102.5,0
8TeV_cat4,103.5,2
8TeV_cat4,104.5,2
8TeV_cat4,105.5,2
8TeV_cat4,106.5,0
8TeV_cat4,107.5,2
8TeV_cat4,108.5,2
8TeV_cat4,109.5,1
8TeV_cat4,110.5,4
8TeV_cat4,111.5,3
8TeV_cat4,112.5,0
8TeV_cat4,113.5,0
8TeV_cat4,114.5,3
8TeV_cat4,115.5,2
8TeV_cat4,116.5,1
8TeV_cat4,117.5,3
8TeV_cat4,118.5,0
8TeV_cat4,119.5,2
8TeV_cat4,120.5,1
8TeV_cat4,121.5,1
8TeV_cat4,122.5,3
8TeV_cat4,123.5,1
8TeV_cat4,124.5,3
8TeV_cat4,125.5,0
8TeV_cat4,126.5,2
8TeV_cat4,127.5,1
8TeV_cat4,128.5,2
8TeV_cat4,129.5,1
8TeV_cat4,130.5,3
8TeV_cat4,131.5,1
8TeV_cat4,132.5,2
8TeV_cat4,133.5,2
8TeV_cat4,134.5,1
8TeV_cat4,135.5,1
8TeV_cat4,136.5,0
8TeV_cat4,137.5,1
8TeV_cat4,138.5,1
8TeV_cat4,139.5,1
8TeV_cat4,140.5,0
8TeV_cat4,141.5,2
8TeV_cat4,142.5,0
8TeV_cat4,143.5,0
8TeV_cat4,144.5,0
8TeV_cat4,145.5,0
8TeV_cat4,146.5,1
8TeV_cat4,147.5,0
8TeV_cat4,148.5,0
8TeV_cat4,149.5,1
8TeV_cat4,150.5,0
8TeV_cat4,151.5,0
8TeV_cat4,152.5,1
8TeV_cat4,153.5,0
8TeV_cat4,154.5,0
8TeV_cat4,155.5,1
8TeV_cat4,156.5,0
8TeV_cat4,157.5,0
8TeV_cat4,158.5,0
8TeV_cat4,159.5,0
8TeV_cat4,160.5,0
8TeV_cat4,161.5,0
8TeV_cat4,162.5,1
8TeV_cat4,163.5,0
8TeV_cat4,164.5,1
8TeV_cat4,165.5,0
8TeV_cat4,166.5,0
8TeV_cat4,167.5,0
8TeV_cat4,168.5,0
8TeV_cat4,169.5,0
8TeV_cat4,170.5,0
8TeV_cat4,171.5,0
8TeV_cat4,172.5,0
8TeV_cat4,173.5,0
8TeV_cat4,174.5,1
8TeV_cat4,175.5,0
8TeV_cat4,176.5,0
8TeV_cat4,177.5,1
8TeV_cat4,178.5,0
8TeV_cat4,179.5,0
8TeV_cat5,100.5,11
8TeV_cat5,101.5,4
8TeV_cat5,102.5,10
8TeV_cat5,103.5,5
8TeV_cat5,104.5,5
8TeV_cat5,105.5,10
8TeV_cat5,106.5,9
8TeV_cat5,107.5,9
8TeV_cat5,108.5,6
8TeV_cat5,109.5,8
8TeV_cat5,110.5,4
8TeV_cat5,111.5,5
8TeV_cat5,112.5,12
8TeV_cat5,113.5,1
8TeV_cat5,114.5,6
8TeV_cat5,115.5,1
8TeV_cat5,116.5,2
8TeV_cat5,117.5,4
8TeV_cat5,118.5,9
8TeV_cat5,119.5,3
8TeV_cat5,120.5,5
8TeV_cat5,121.5,1
8TeV_cat5,122.5,5
8TeV_cat5,123.5,3
8TeV_cat5,124.5,2
8TeV_cat5,125.5,5
8TeV_cat5,126.5,4
8TeV_cat5,127.5,4
8TeV_cat5,128.5,4
8TeV_cat5,129.5,3
8TeV_cat5,130.5,2
8TeV_cat5,131.5,7
8TeV_cat5,132.5,5
8TeV_cat5,133.5,2
8TeV_cat5,134.5,2
8TeV_cat5,135.5,4
8TeV_cat5,136.5,2
8TeV_cat5,137.5,4
8TeV_cat5,138.5,2
8TeV_cat5,139.5,2
8TeV_cat5,140.5,1
8TeV_cat5,141.5,0
8TeV_cat5,142.5,5
8TeV_cat5,143.5,2
8TeV_cat5,144.5,4
8TeV_cat5,145.5,2
8TeV_cat5,146.5,2
8TeV_cat5,147.5,1
8TeV_cat5,148.5,3
8TeV_cat5,149.5,0
8TeV_cat5,150.5,4
8TeV_cat5,151.5,2
8TeV_cat5,152.5,2
8TeV_cat5,153.5,0
8TeV_cat5,154.5,2
8TeV_cat5,155.5,0
8TeV_cat5,156.5,4
8TeV_cat5,157.5,0
8TeV_cat5,158.5,2
8TeV_cat5,159.5,1
8TeV_cat5,160.5,0
8TeV_cat5,161.5,3
8TeV_cat5,162.5,0
8TeV_cat5,163.5,1
8TeV_cat5,164.5,1
8TeV_cat5,165.5,0
8TeV_cat5,166.5,2
8TeV_cat5,167.5,3
8TeV_cat5,168.5,3
8TeV_cat5,169.5,1
8TeV_cat5,170.5,0
8TeV_cat5,171.5,0
8TeV_cat5,172.5,1
8TeV_cat5,173.5,1
8TeV_cat5,174.5,1
8TeV_cat5,175.5,1
8TeV_cat5,176.5,1
8TeV_cat5,177.5,0
8TeV_cat5,178.5,2
8TeV_cat5,179.5,0
